{"version":2,"languages":{"nodejs-npm":{"specfileHash":"c119b4c5b998fd1ef8c48d13bb015d00","lockfileHash":"9c32b31fa9ac73ed5763e05703d8f0a0","guessedImports":["ethers","react-dom","@vitejs/plugin-react-refresh","react"],"guessedImportsHash":"fc49853d6a310776f3a783ca0a665b66"},"nodejs-yarn":{"specfileHash":"36fe129750f9b571f62775768dfd2747","lockfileHash":"8cd20b0f91e5e007eadff22a3178e342","guessedImports":["@vitejs/plugin-react-refresh","react","react-dom"],"guessedImportsHash":"24f6f3418ae857900ebf7b7e00dc4a7b"}}}
